create table authorities
(
    username  varchar(50) not null,
    authority varchar(50) not null,
    constraint username_authority
        unique (username, authority),
    constraint authorities_fk
        foreign key (username) references users (username)
);

INSERT INTO social_network.authorities (username, authority) VALUES ('itenley2@mail.com', 'ROLE_USER');
INSERT INTO social_network.authorities (username, authority) VALUES ('jannetbufo2@mail.com', 'ROLE_USER');
INSERT INTO social_network.authorities (username, authority) VALUES ('jimk2@mail.com', 'ROLE_USER');
INSERT INTO social_network.authorities (username, authority) VALUES ('johngalt@mail.com', 'ROLE_USER');
INSERT INTO social_network.authorities (username, authority) VALUES ('mcflower2@mail.com', 'ROLE_USER');
INSERT INTO social_network.authorities (username, authority) VALUES ('nperos@mail.com', 'ROLE_USER');
INSERT INTO social_network.authorities (username, authority) VALUES ('panteras@mail.com', 'ROLE_USER');
INSERT INTO social_network.authorities (username, authority) VALUES ('santana2@mail.com', 'ROLE_USER');
INSERT INTO social_network.authorities (username, authority) VALUES ('stacy@mail.com', 'ROLE_USER');
INSERT INTO social_network.authorities (username, authority) VALUES ('stevie@mail.com', 'ROLE_USER');
create table comment_likes
(
    id         int auto_increment
        primary key,
    comment_id int null,
    user_id    int null,
    constraint comment_likes_comments_id_fk
        foreign key (comment_id) references comments (id),
    constraint comment_likes_users_info_id_fk
        foreign key (user_id) references users_info (id)
);


create table comments
(
    id          int auto_increment
        primary key,
    comment     varchar(255)  null,
    created_by  int           null,
    for_post_id int           null,
    total_likes int default 0 null,
    constraint comments_post_info_post_id_fk
        foreign key (for_post_id) references post_info (id)
            on update cascade on delete cascade,
    constraint comments_users_info_user_id_fk
        foreign key (created_by) references users_info (id)
            on update cascade on delete cascade
);

INSERT INTO social_network.comments (id, comment, created_by, for_post_id, total_likes) VALUES (1, 'Awesome!', 1, 1, 0);
INSERT INTO social_network.comments (id, comment, created_by, for_post_id, total_likes) VALUES (2, 'How Cool', 2, 1, 0);
INSERT INTO social_network.comments (id, comment, created_by, for_post_id, total_likes) VALUES (3, 'I wish I was there', 3, 1, 0);
INSERT INTO social_network.comments (id, comment, created_by, for_post_id, total_likes) VALUES (4, '<3', 4, 2, 0);
INSERT INTO social_network.comments (id, comment, created_by, for_post_id, total_likes) VALUES (5, '<3', 1, 3, 0);
INSERT INTO social_network.comments (id, comment, created_by, for_post_id, total_likes) VALUES (6, 'Nice!', 5, 2, 0);
INSERT INTO social_network.comments (id, comment, created_by, for_post_id, total_likes) VALUES (7, 'So cool!', 6, 4, 0);
INSERT INTO social_network.comments (id, comment, created_by, for_post_id, total_likes) VALUES (8, 'So cool!', 7, 3, 0);
INSERT INTO social_network.comments (id, comment, created_by, for_post_id, total_likes) VALUES (9, 'So cool!', 8, 5, 0);
INSERT INTO social_network.comments (id, comment, created_by, for_post_id, total_likes) VALUES (10, 'Nice!', 9, 5, 0);
INSERT INTO social_network.comments (id, comment, created_by, for_post_id, total_likes) VALUES (11, 'Nice!', 1, 5, 0);
INSERT INTO social_network.comments (id, comment, created_by, for_post_id, total_likes) VALUES (12, '<3', 2, 8, 0);
INSERT INTO social_network.comments (id, comment, created_by, for_post_id, total_likes) VALUES (13, '<3', 3, 1, 0);
INSERT INTO social_network.comments (id, comment, created_by, for_post_id, total_likes) VALUES (14, 'Okey...', 4, 9, 0);
INSERT INTO social_network.comments (id, comment, created_by, for_post_id, total_likes) VALUES (15, 'Lol', 5, 8, 0);
INSERT INTO social_network.comments (id, comment, created_by, for_post_id, total_likes) VALUES (16, 'Lol', 6, 7, 0);
INSERT INTO social_network.comments (id, comment, created_by, for_post_id, total_likes) VALUES (17, 'Lol', 8, 7, 0);
INSERT INTO social_network.comments (id, comment, created_by, for_post_id, total_likes) VALUES (18, 'Lol', 7, 7, 0);
INSERT INTO social_network.comments (id, comment, created_by, for_post_id, total_likes) VALUES (19, 'So cool!', 5, 1, 0);
INSERT INTO social_network.comments (id, comment, created_by, for_post_id, total_likes) VALUES (20, 'Okey...', 3, 2, 0);
INSERT INTO social_network.comments (id, comment, created_by, for_post_id, total_likes) VALUES (21, 'Okey...', 2, 2, 0);
INSERT INTO social_network.comments (id, comment, created_by, for_post_id, total_likes) VALUES (22, 'So cool!', 1, 2, 0);
create table friends
(
    id          int auto_increment
        primary key,
    sender_id   int null,
    receiver_id int null,
    constraint friends_users_info_user_id_fk
        foreign key (sender_id) references users_info (id)
            on update cascade on delete cascade,
    constraint friends_users_info_user_id_fk_2
        foreign key (receiver_id) references users_info (id)
            on update cascade on delete cascade
);


create table post_info
(
    id                 int auto_increment
        primary key,
    text_post          varchar(200)               null,
    picture_post       blob                       null,
    video_post         longblob                   null,
    location_post      varchar(200)               null,
    privacy            enum ('PUBLIC', 'PRIVATE') null,
    time_created       timestamp                  null,
    created_by_id      int                        null,
    total_likes        int default 0              null,
    total_interactions int default 0              null
);

create index post_info_privacy_id_fk
    on post_info (privacy);

create index post_info_users_info_id_fk
    on post_info (created_by_id);

INSERT INTO social_network.post_info (id, text_post, picture_post, privacy, time_created, created_by_id, total_likes, total_interactions) VALUES (1, 'Nice views', 0x736F6D652070696374757265, 0x736F6D6520766964656F, 'location', 'PUBLIC', '2020-04-23 19:06:00', 1, 0, 0);
INSERT INTO social_network.post_info (id, text_post, picture_post, privacy, time_created, created_by_id, total_likes, total_interactions) VALUES (2, 'The sunrise was so awesome', 0x736F6D652070696374757265, 'PUBLIC', '2020-04-24 19:05:00', 2, 0, 0);
INSERT INTO social_network.post_info (id, text_post, picture_post, privacy, time_created, created_by_id, total_likes, total_interactions) VALUES (3, 'There are no better views', 0x736F6D652070696374757265, 'PUBLIC', '2020-03-19 22:06:00', 3, 0, 0);
INSERT INTO social_network.post_info (id, text_post, picture_post, privacy, time_created, created_by_id, total_likes, total_interactions) VALUES (4, 'If only I could stay longer', 0x736F6D652070696374757265, 'PUBLIC', '2020-04-14 19:55:00', 4, 0, 0);
INSERT INTO social_network.post_info (id, text_post, picture_post, privacy, time_created, created_by_id, total_likes, total_interactions) VALUES (5, 'Unforgettable...', 0x736F6D652070696374757265, 'PUBLIC', '2020-04-23 08:26:00', 4, 0, 0);
INSERT INTO social_network.post_info (id, text_post, picture_post, privacy, time_created, created_by_id, total_likes, total_interactions) VALUES (6, 'Wow', 0x736F6D652070696374757265,  'PUBLIC', '2020-04-22 11:16:00', 5, 0, 0);
INSERT INTO social_network.post_info (id, text_post, picture_post, privacy, time_created, created_by_id, total_likes, total_interactions) VALUES (7, 'It''s so high', 0x736F6D652070696374757265,  'PUBLIC', '2020-04-23 03:27:00', 6, 0, 0);
INSERT INTO social_network.post_info (id, text_post, picture_post, privacy, time_created, created_by_id, total_likes, total_interactions) VALUES (8, 'I wish I could stay here forever', 0x736F6D652070696374757265,  'PUBLIC', '2020-04-24 13:11:00', 7, 0, 0);
INSERT INTO social_network.post_info (id, text_post, picture_post, privacy, time_created, created_by_id, total_likes, total_interactions) VALUES (9, 'Beauty..', 0x736F6D652070696374757265, 'PUBLIC', '2020-04-24 04:09:00', 8, 0, 0);
INSERT INTO social_network.post_info (id, text_post, picture_post, privacy, time_created, created_by_id, total_likes, total_interactions) VALUES (10, 'I don''t want to leave', 0x736F6D652070696374757265, 'PUBLIC', '2020-04-24 05:01:00', 9, 0, 0);
INSERT INTO social_network.post_info (id, text_post, picture_post, privacy, time_created, created_by_id, total_likes, total_interactions) VALUES (11, 'Please leave me here!', 0x736F6D652070696374757265, 'PUBLIC', '2020-04-21 17:03:00', 9, 0, 0);
INSERT INTO social_network.post_info (id, text_post, picture_post, privacy, time_created, created_by_id, total_likes, total_interactions) VALUES (12, 'Let me stay here forever', 0x736F6D652070696374757265, 'PUBLIC', '2020-04-20 09:09:00', 2, 0, 0);
INSERT INTO social_network.post_info (id, text_post, picture_post, privacy, time_created, created_by_id, total_likes, total_interactions) VALUES (13, 'Just tried the renovated park !', 0x736F6D652070696374757265, 'PUBLIC', '2020-04-24 16:04:00', 1, 1, 0);
INSERT INTO social_network.post_info (id, text_post, picture_post, privacy, time_created, created_by_id, total_likes, total_interactions) VALUES (14, 'How do you go to Cairo', 0x736F6D652070696374757265, 'PUBLIC', '2020-04-24 11:03:00', 1, 0, 0);
create table post_likes
(
    id      int auto_increment
        primary key,
    post_id int null,
    user_id int null,
    constraint post_likes_post_info_id_fk
        foreign key (post_id) references post_info (id)
            on update cascade on delete cascade,
    constraint post_likes_users_info_user_id_fk
        foreign key (user_id) references users_info (id)
);


create table posts_comments
(
    id         int auto_increment
        primary key,
    post_id    int null,
    comment_id int null,
    constraint posts_comments_comments_comment_id_fk
        foreign key (comment_id) references comments (id)
            on update cascade on delete cascade,
    constraint posts_comments_post_info_post_id_fk
        foreign key (post_id) references post_info (id)
            on update cascade on delete cascade
);


create table profile_picture
(
    id            int auto_increment
        primary key,
    privacy       enum ('PUBLIC', 'PRIVATE') null,
    picture_value blob                       null
);

create index profile_picture_privacy_id_fk
    on profile_picture (privacy);

INSERT INTO social_network.profile_picture (id, privacy, picture_value) VALUES (1, 'PUBLIC', 0x0000000000000000000000000000000000000000000000000000000000000000000000000000000000000000000000000000000000000000000000000000000000000000000000000000000000000000000000000000000000000000000000000000000000000000000000000000000000000000000000000000000000000000000000000000000000000000000000000000000000000000000000000000000000000000000000000000000000000000000000000000000000000000000000000000000000000000000000000000000000000000000000000000000000000000000000000000000000000000000000000000000000000000000000000000000000000000000000000000000000000000000000000000000000000000000000000000000000000000000000000000000000000000000000000000000000000000000000000000000000000000000000000000000000000000000000000000000000000000000000000000000000000000000000000000000000000000000000000000000000000000000000000000000000000000000000000000000000000000000000000000000000000000000000000000000000000000000000000000000000000000000000000000000000000000000000000000000000000000000000000000000000000000000000000000000000000000000000000000000000000000000000000000000000000000000000000000000000000000000000000000000000000000000000000000000000000000000000000000000000000000000000000000000000000000000000000000000000000000000000000000000000000000000000000000000000000000000000000000000000000000000000000000000000000000000000000000000000000000000000000000000000000000000000000000000000000000000000000000000000000000000000000000000000000000000000000000000000000000000000000000000000000000000000000000000000000000000000000000000000000000000000000000000000000000000000000000000000000000000000000000000000000000000000000000000000000000000000000000000000000000000000000000000000000000000000000000000000000000000000000000000000000000000000000000000000000000000000000000000000000000000000000000000000000000000000000000000000000000000000000000000000000000000000000000000000000000000000000000000000000000000000000000000000000000000000000000000000000000000000000000000000000000000000000000000000000000000000000000000000000000000000000000000000000000000000000000000000000000000000000000000000000000000000000000000000000000000000000000000000000000000000000000000000000000000000000000000000000000000000000000000000000000000000000000000000000000000000000000000000000000000000000000000000000000000000000000000000000000000000000000000000000000000000000000000000000000000000000000000000000000000000000000000000000000000000000000000000000000000000000000000000000000000000000000000000000000000000000000000000000000000000000000000000000000000000000000000000000000000000000000000000000000000000000000000000000000000000000000000000000000000000000000000000000000000000000000000000000000000000000000000000000000000000000000000000000000000000000000000000000000000000000000000000000000000000000000000000000000000000000000000000000000000000000000000000000000000000000000000000000000000000000000000000000000000000000000000000000000000000000000000000000000000000000000000000000000000000000000000000000000000000000000000000000000000000000000000000000000000000000000000000000000000000000000000000000000000000000000000000000000000000000000000000000000000000000000000000000000000000000000000000000000000000000000000000000000000000000000000000000000000000000000000000000000000000000000000000000000000000000000000000000000000000000000000000000000000000000000000000000000000000000000000000000000000000000000000000000000000000000000000000000000000000000000000000000000000000000000000000000000000000000000000000000000000000000000000000000000000000000000000000000000000000000000000000000000000000000000000000000000000000000000000000000000000000000000000000000000000000000000000000000000000000000000000000000000000000000000000000000000000000000000000000000000000000000000000000000000000000000000000000000000000000000000000000000000000000000000000000000000000000000000000000000000000000000000000000000000000000000000000000000000000000000000000000000000000000000000000000000000000000000000000000000000000000000000000000000000000000000000000000000000000000000000000000000000000000000000000000000000000000000000000000000000000000000000000000000000000000000000000000000000);
INSERT INTO social_network.profile_picture (id, privacy, picture_value) VALUES (2, 'PUBLIC', 0x0000000000000000000000000000000000000000000000000000000000000000000000000000000000000000000000000000000000000000000000000000000000000000000000000000000000000000000000000000000000000000000000000000000000000000000000000000000000000000000000000000000000000000000000000000000000000000000000000000000000000000000000000000000000000000000000000000000000000000000000000000000000000000000000000000000000000000000000000000000000000000000000000000000000000000000000000000000000000000000000000000000000000000000000000000000000000000000000000000000000000000000000000000000000000000000000000000000000000000000000000000000000000000000000000000000000000000000000000000000000000000000000000000000000000000000000000000000000000000000000000000000000000000000000000000000000000000000000000000000000000000000000000000000000000000000000000000000000000000000000000000000000000000000000000000000000000000000000000000000000000000000000000000000000000000000000000000000000000000000000000000000000000000000000000000000000000000000000000000000000000000000000000000000000000000000000000000000000000000000000000000000000000000000000000000000000000000000000000000000000000000000000000000000000000000000000000000000000000000000000000000000000000000000000000000000000000000000000000000000000000000000000000000000000000000000000000000000000000000000000000000000000000000000000000000000000000000000000000000000000000000000000000000000000000000000000000000000000000000000000000000000000000000000000000000000000000000000000000000000000000000000000000000000000000000000000000000000000000000000000000000000000000000000000000000000000000000000000000000000000000000000000000000000000000000000000000000000000000000000000000000000000000000000000000000000000000000000000000000000000000000000000000000000000000000000000000000000000000000000000000000000000000000000000000000000000000000000000000000000000000000000000000000000000000000000000000000000000000000000000000000000000000000000000000000000000000000000000000000000000000000000000000000000000000000000000000000000000000000000000000000000000000000000000000000000000000000000000000000000000000000000000000000000000000000000000000000000000000000000000000000000000000000000000000000000000000000000000000000000000000000000000000000000000000000000000000000000000000000000000000000000000000000000000000000000000000000000000000000000000000000000000000000000000000000000000000000000000000000000000000000000000000000000000000000000000000000000000000000000000000000000000000000000000000000000000000000000000000000000000000000000000000000000000000000000000000000000000000000000000000000000000000000000000000000000000000000000000000000000000000000000000000000000000000000000000000000000000000000000000000000000000000000000000000000000000000000000000000000000000000000000000000000000000000000000000000000000000000000000000000000000000000000000000000000000000000000000000000000000000000000000000000000000000000000000000000000000000000000000000000000000000000000000000000000000000000000000000000000000000000000000000000000000000000000000000000000000000000000000000000000000000000000000000000000000000000000000000000000000000000000000000000000000000000000000000000000000000000000000000000000000000000000000000000000000000000000000000000000000000000000000000000000000000000000000000000000000000000000000000000000000000000000000000000000000000000000000000000000000000000000000000000000000000000000000000000000000000000000000000000000000000000000000000000000000000000000000000000000000000000000000000000000000000000000000000000000000000000000000000000000000000000000000000000000000000000000000000000000000000000000000000000000000000000000000000000000000000000000000000000000000000000000000000000000000000000000000000000000000000000000000000000000000000000000000000000000000000000000000000000000000000000000000000000000000000000000000000000000000000000000000000000000000000000000000000000000000000000000000000000000000000000000000000000000000000000000000000000000000000000000000000000000000000000000000000000000000000000000000000000000000000000000000000000000000000000000000000000000000000000000000000000000);
INSERT INTO social_network.profile_picture (id, privacy, picture_value) VALUES (3, 'PUBLIC', 0x0000000000000000000000000000000000000000000000000000000000000000000000000000000000000000000000000000000000000000000000000000000000000000000000000000000000000000000000000000000000000000000000000000000000000000000000000000000000000000000000000000000000000000000000000000000000000000000000000000000000000000000000000000000000000000000000000000000000000000000000000000000000000000000000000000000000000000000000000000000000000000000000000000000000000000000000000000000000000000000000000000000000000000000000000000000000000000000000000000000000000000000000000000000000000000000000000000000000000000000000000000000000000000000000000000000000000000000000000000000000000000000000000000000000000000000000000000000000000000000000000000000000000000000000000000000000000000000000000000000000000000000000000000000000000000000000000000000000000000000000000000000000000000000000000000000000000000000000000000000000000000000000000000000000000000000000000000000000000000000000000000000000000000000000000000000000000000000000000000000000000000000000000000000000000000000000000000000000000000000000000000000000000000000000000000000000000000000000000000000000000000000000000000000000000000000000000000000000000000000000000000000000000000000000000000000000000000000000000000000000000000000000000000000000000000000000000000000000000000000000000000000000000000000000000000000000000000000000000000000000000000000000000000000000000000000000000000000000000000000000000000000000000000000000000000000000000000000000000000000000000000000000000000000000000000000000000000000000000000000000000000000000000000000000000000000000000000000000000000000000000000000000000000000000000000000000000000000000000000000000000000000000000000000000000000000000000000000000000000000000000000000000000000000000000000000000000000000000000000000000000000000000000000000000000000000000000000000000000000000000000000000000000000000000000000000000000000000000000000000000000000000000000000000000000000000000000000000000000000000000000000000000000000000000000000000000000000000000000000000000000000000000000000000000000000000000000000000000000000000000000000000000000000000000000000000000000000000000000000000000000000000000000000000000000000000000000000000000000000000000000000000000000000000000000000000000000000000000000000000000000000000000000000000000000000000000000000000000000000000000000000000000000000000000000000000000000000000000000000000000000000000000000000000000000000000000000000000000000000000000000000000000000000000000000000000000000000000000000000000000000000000000000000000000000000000000000000000000000000000000000000000000000000000000000000000000000000000000000000000000000000000000000000000000000000000000000000000000000000000000000000000000000000000000000000000000000000000000000000000000000000000000000000000000000000000000000000000000000000000000000000000000000000000000000000000000000000000000000000000000000000000000000000000000000000000000000000000000000000000000000000000000000000000000000000000000000000000000000000000000000000000000000000000000000000000000000000000000000000000000000000000000000000000000000000000000000000000000000000000000000000000000000000000000000000000000000000000000000000000000000000000000000000000000000000000000000000000000000000000000000000000000000000000000000000000000000000000000000000000000000000000000000000000000000000000000000000000000000000000000000000000000000000000000000000000000000000000000000000000000000000000000000000000000000000000000000000000000000000000000000000000000000000000000000000000000000000000000000000000000000000000000000000000000000000000000000000000000000000000000000000000000000000000000000000000000000000000000000000000000000000000000000000000000000000000000000000000000000000000000000000000000000000000000000000000000000000000000000000000000000000000000000000000000000000000000000000000000000000000000000000000000000000000000000000000000000000000000000000000000000000000000000000000000000000000000000000000000000000000000000000000000000000000000000000000000000000000000000000000000000000000000000000000000000000000000000000000000000000000000000000000000000000);
INSERT INTO social_network.profile_picture (id, privacy, picture_value) VALUES (4, 'PUBLIC', 0x0000000000000000000000000000000000000000000000000000000000000000000000000000000000000000000000000000000000000000000000000000000000000000000000000000000000000000000000000000000000000000000000000000000000000000000000000000000000000000000000000000000000000000000000000000000000000000000000000000000000000000000000000000000000000000000000000000000000000000000000000000000000000000000000000000000000000000000000000000000000000000000000000000000000000000000000000000000000000000000000000000000000000000000000000000000000000000000000000000000000000000000000000000000000000000000000000000000000000000000000000000000000000000000000000000000000000000000000000000000000000000000000000000000000000000000000000000000000000000000000000000000000000000000000000000000000000000000000000000000000000000000000000000000000000000000000000000000000000000000000000000000000000000000000000000000000000000000000000000000000000000000000000000000000000000000000000000000000000000000000000000000000000000000000000000000000000000000000000000000000000000000000000000000000000000000000000000000000000000000000000000000000000000000000000000000000000000000000000000000000000000000000000000000000000000000000000000000000000000000000000000000000000000000000000000000000000000000000000000000000000000000000000000000000000000000000000000000000000000000000000000000000000000000000000000000000000000000000000000000000000000000000000000000000000000000000000000000000000000000000000000000000000000000000000000000000000000000000000000000000000000000000000000000000000000000000000000000000000000000000000000000000000000000000000000000000000000000000000000000000000000000000000000000000000000000000000000000000000000000000000000000000000000000000000000000000000000000000000000000000000000000000000000000000000000000000000000000000000000000000000000000000000000000000000000000000000000000000000000000000000000000000000000000000000000000000000000000000000000000000000000000000000000000000000000000000000000000000000000000000000000000000000000000000000000000000000000000000000000000000000000000000000000000000000000000000000000000000000000000000000000000000000000000000000000000000000000000000000000000000000000000000000000000000000000000000000000000000000000000000000000000000000000000000000000000000000000000000000000000000000000000000000000000000000000000000000000000000000000000000000000000000000000000000000000000000000000000000000000000000000000000000000000000000000000000000000000000000000000000000000000000000000000000000000000000000000000000000000000000000000000000000000000000000000000000000000000000000000000000000000000000000000000000000000000000000000000000000000000000000000000000000000000000000000000000000000000000000000000000000000000000000000000000000000000000000000000000000000000000000000000000000000000000000000000000000000000000000000000000000000000000000000000000000000000000000000000000000000000000000000000000000000000000000000000000000000000000000000000000000000000000000000000000000000000000000000000000000000000000000000000000000000000000000000000000000000000000000000000000000000000000000000000000000000000000000000000000000000000000000000000000000000000000000000000000000000000000000000000000000000000000000000000000000000000000000000000000000000000000000000000000000000000000000000000000000000000000000000000000000000000000000000000000000000000000000000000000000000000000000000000000000000000000000000000000000000000000000000000000000000000000000000000000000000000000000000000000000000000000000000000000000000000000000000000000000000000000000000000000000000000000000000000000000000000000000000000000000000000000000000000000000000000000000000000000000000000000000000000000000000000000000000000000000000000000000000000000000000000000000000000000000000000000000000000000000000000000000000000000000000000000000000000000000000000000000000000000000000000000000000000000000000000000000000000000000000000000000000000000000000000000000000000000000000000000000000000000000000000000000000000000000000000000000000000000000000000000000000000000000000000000000000000000000000000000000000000000000000000000000000000000000000000);
INSERT INTO social_network.profile_picture (id, privacy, picture_value) VALUES (5, 'PUBLIC', 0x0000000000000000000000000000000000000000000000000000000000000000000000000000000000000000000000000000000000000000000000000000000000000000000000000000000000000000000000000000000000000000000000000000000000000000000000000000000000000000000000000000000000000000000000000000000000000000000000000000000000000000000000000000000000000000000000000000000000000000000000000000000000000000000000000000000000000000000000000000000000000000000000000000000000000000000000000000000000000000000000000000000000000000000000000000000000000000000000000000000000000000000000000000000000000000000000000000000000000000000000000000000000000000000000000000000000000000000000000000000000000000000000000000000000000000000000000000000000000000000000000000000000000000000000000000000000000000000000000000000000000000000000000000000000000000000000000000000000000000000000000000000000000000000000000000000000000000000000000000000000000000000000000000000000000000000000000000000000000000000000000000000000000000000000000000000000000000000000000000000000000000000000000000000000000000000000000000000000000000000000000000000000000000000000000000000000000000000000000000000000000000000000000000000000000000000000000000000000000000000000000000000000000000000000000000000000000000000000000000000000000000000000000000000000000000000000000000000000000000000000000000000000000000000000000000000000000000000000000000000000000000000000000000000000000000000000000000000000000000000000000000000000000000000000000000000000000000000000000000000000000000000000000000000000000000000000000000000000000000000000000000000000000000000000000000000000000000000000000000000000000000000000000000000000000000000000000000000000000000000000000000000000000000000000000000000000000000000000000000000000000000000000000000000000000000000000000000000000000000000000000000000000000000000000000000000000000000000000000000000000000000000000000000000000000000000000000000000000000000000000000000000000000000000000000000000000000000000000000000000000000000000000000000000000000000000000000000000000000000000000000000000000000000000000000000000000000000000000000000000000000000000000000000000000000000000000000000000000000000000000000000000000000000000000000000000000000000000000000000000000000000000000000000000000000000000000000000000000000000000000000000000000000000000000000000000000000000000000000000000000000000000000000000000000000000000000000000000000000000000000000000000000000000000000000000000000000000000000000000000000000000000000000000000000000000000000000000000000000000000000000000000000000000000000000000000000000000000000000000000000000000000000000000000000000000000000000000000000000000000000000000000000000000000000000000000000000000000000000000000000000000000000000000000000000000000000000000000000000000000000000000000000000000000000000000000000000000000000000000000000000000000000000000000000000000000000000000000000000000000000000000000000000000000000000000000000000000000000000000000000000000000000000000000000000000000000000000000000000000000000000000000000000000000000000000000000000000000000000000000000000000000000000000000000000000000000000000000000000000000000000000000000000000000000000000000000000000000000000000000000000000000000000000000000000000000000000000000000000000000000000000000000000000000000000000000000000000000000000000000000000000000000000000000000000000000000000000000000000000000000000000000000000000000000000000000000000000000000000000000000000000000000000000000000000000000000000000000000000000000000000000000000000000000000000000000000000000000000000000000000000000000000000000000000000000000000000000000000000000000000000000000000000000000000000000000000000000000000000000000000000000000000000000000000000000000000000000000000000000000000000000000000000000000000000000000000000000000000000000000000000000000000000000000000000000000000000000000000000000000000000000000000000000000000000000000000000000000000000000000000000000000000000000000000000000000000000000000000000000000000000000000000000000000000000000000000000000000000000000000000000000000000000000000000000000000000000000000000000000000000000000000000000000);
INSERT INTO social_network.profile_picture (id, privacy, picture_value) VALUES (6, 'PUBLIC', 0x0000000000000000000000000000000000000000000000000000000000000000000000000000000000000000000000000000000000000000000000000000000000000000000000000000000000000000000000000000000000000000000000000000000000000000000000000000000000000000000000000000000000000000000000000000000000000000000000000000000000000000000000000000000000000000000000000000000000000000000000000000000000000000000000000000000000000000000000000000000000000000000000000000000000000000000000000000000000000000000000000000000000000000000000000000000000000000000000000000000000000000000000000000000000000000000000000000000000000000000000000000000000000000000000000000000000000000000000000000000000000000000000000000000000000000000000000000000000000000000000000000000000000000000000000000000000000000000000000000000000000000000000000000000000000000000000000000000000000000000000000000000000000000000000000000000000000000000000000000000000000000000000000000000000000000000000000000000000000000000000000000000000000000000000000000000000000000000000000000000000000000000000000000000000000000000000000000000000000000000000000000000000000000000000000000000000000000000000000000000000000000000000000000000000000000000000000000000000000000000000000000000000000000000000000000000000000000000000000000000000000000000000000000000000000000000000000000000000000000000000000000000000000000000000000000000000000000000000000000000000000000000000000000000000000000000000000000000000000000000000000000000000000000000000000000000000000000000000000000000000000000000000000000000000000000000000000000000000000000000000000000000000000000000000000000000000000000000000000000000000000000000000000000000000000000000000000000000000000000000000000000000000000000000000000000000000000000000000000000000000000000000000000000000000000000000000000000000000000000000000000000000000000000000000000000000000000000000000000000000000000000000000000000000000000000000000000000000000000000000000000000000000000000000000000000000000000000000000000000000000000000000000000000000000000000000000000000000000000000000000000000000000000000000000000000000000000000000000000000000000000000000000000000000000000000000000000000000000000000000000000000000000000000000000000000000000000000000000000000000000000000000000000000000000000000000000000000000000000000000000000000000000000000000000000000000000000000000000000000000000000000000000000000000000000000000000000000000000000000000000000000000000000000000000000000000000000000000000000000000000000000000000000000000000000000000000000000000000000000000000000000000000000000000000000000000000000000000000000000000000000000000000000000000000000000000000000000000000000000000000000000000000000000000000000000000000000000000000000000000000000000000000000000000000000000000000000000000000000000000000000000000000000000000000000000000000000000000000000000000000000000000000000000000000000000000000000000000000000000000000000000000000000000000000000000000000000000000000000000000000000000000000000000000000000000000000000000000000000000000000000000000000000000000000000000000000000000000000000000000000000000000000000000000000000000000000000000000000000000000000000000000000000000000000000000000000000000000000000000000000000000000000000000000000000000000000000000000000000000000000000000000000000000000000000000000000000000000000000000000000000000000000000000000000000000000000000000000000000000000000000000000000000000000000000000000000000000000000000000000000000000000000000000000000000000000000000000000000000000000000000000000000000000000000000000000000000000000000000000000000000000000000000000000000000000000000000000000000000000000000000000000000000000000000000000000000000000000000000000000000000000000000000000000000000000000000000000000000000000000000000000000000000000000000000000000000000000000000000000000000000000000000000000000000000000000000000000000000000000000000000000000000000000000000000000000000000000000000000000000000000000000000000000000000000000000000000000000000000000000000000000000000000000000000000000000000000000000000000000000000000000000000000000000000000000000000000000000000000000000000000000000000000000);
INSERT INTO social_network.profile_picture (id, privacy, picture_value) VALUES (7, 'PUBLIC', 0x0000000000000000000000000000000000000000000000000000000000000000000000000000000000000000000000000000000000000000000000000000000000000000000000000000000000000000000000000000000000000000000000000000000000000000000000000000000000000000000000000000000000000000000000000000000000000000000000000000000000000000000000000000000000000000000000000000000000000000000000000000000000000000000000000000000000000000000000000000000000000000000000000000000000000000000000000000000000000000000000000000000000000000000000000000000000000000000000000000000000000000000000000000000000000000000000000000000000000000000000000000000000000000000000000000000000000000000000000000000000000000000000000000000000000000000000000000000000000000000000000000000000000000000000000000000000000000000000000000000000000000000000000000000000000000000000000000000000000000000000000000000000000000000000000000000000000000000000000000000000000000000000000000000000000000000000000000000000000000000000000000000000000000000000000000000000000000000000000000000000000000000000000000000000000000000000000000000000000000000000000000000000000000000000000000000000000000000000000000000000000000000000000000000000000000000000000000000000000000000000000000000000000000000000000000000000000000000000000000000000000000000000000000000000000000000000000000000000000000000000000000000000000000000000000000000000000000000000000000000000000000000000000000000000000000000000000000000000000000000000000000000000000000000000000000000000000000000000000000000000000000000000000000000000000000000000000000000000000000000000000000000000000000000000000000000000000000000000000000000000000000000000000000000000000000000000000000000000000000000000000000000000000000000000000000000000000000000000000000000000000000000000000000000000000000000000000000000000000000000000000000000000000000000000000000000000000000000000000000000000000000000000000000000000000000000000000000000000000000000000000000000000000000000000000000000000000000000000000000000000000000000000000000000000000000000000000000000000000000000000000000000000000000000000000000000000000000000000000000000000000000000000000000000000000000000000000000000000000000000000000000000000000000000000000000000000000000000000000000000000000000000000000000000000000000000000000000000000000000000000000000000000000000000000000000000000000000000000000000000000000000000000000000000000000000000000000000000000000000000000000000000000000000000000000000000000000000000000000000000000000000000000000000000000000000000000000000000000000000000000000000000000000000000000000000000000000000000000000000000000000000000000000000000000000000000000000000000000000000000000000000000000000000000000000000000000000000000000000000000000000000000000000000000000000000000000000000000000000000000000000000000000000000000000000000000000000000000000000000000000000000000000000000000000000000000000000000000000000000000000000000000000000000000000000000000000000000000000000000000000000000000000000000000000000000000000000000000000000000000000000000000000000000000000000000000000000000000000000000000000000000000000000000000000000000000000000000000000000000000000000000000000000000000000000000000000000000000000000000000000000000000000000000000000000000000000000000000000000000000000000000000000000000000000000000000000000000000000000000000000000000000000000000000000000000000000000000000000000000000000000000000000000000000000000000000000000000000000000000000000000000000000000000000000000000000000000000000000000000000000000000000000000000000000000000000000000000000000000000000000000000000000000000000000000000000000000000000000000000000000000000000000000000000000000000000000000000000000000000000000000000000000000000000000000000000000000000000000000000000000000000000000000000000000000000000000000000000000000000000000000000000000000000000000000000000000000000000000000000000000000000000000000000000000000000000000000000000000000000000000000000000000000000000000000000000000000000000000000000000000000000000000000000000000000000000000000000000000000000000000000000000000000000000000000000000000000000000000000000000000000000000000000000);
INSERT INTO social_network.profile_picture (id, privacy, picture_value) VALUES (8, 'PUBLIC', 0x0000000000000000000000000000000000000000000000000000000000000000000000000000000000000000000000000000000000000000000000000000000000000000000000000000000000000000000000000000000000000000000000000000000000000000000000000000000000000000000000000000000000000000000000000000000000000000000000000000000000000000000000000000000000000000000000000000000000000000000000000000000000000000000000000000000000000000000000000000000000000000000000000000000000000000000000000000000000000000000000000000000000000000000000000000000000000000000000000000000000000000000000000000000000000000000000000000000000000000000000000000000000000000000000000000000000000000000000000000000000000000000000000000000000000000000000000000000000000000000000000000000000000000000000000000000000000000000000000000000000000000000000000000000000000000000000000000000000000000000000000000000000000000000000000000000000000000000000000000000000000000000000000000000000000000000000000000000000000000000000000000000000000000000000000000000000000000000000000000000000000000000000000000000000000000000000000000000000000000000000000000000000000000000000000000000000000000000000000000000000000000000000000000000000000000000000000000000000000000000000000000000000000000000000000000000000000000000000000000000000000000000000000000000000000000000000000000000000000000000000000000000000000000000000000000000000000000000000000000000000000000000000000000000000000000000000000000000000000000000000000000000000000000000000000000000000000000000000000000000000000000000000000000000000000000000000000000000000000000000000000000000000000000000000000000000000000000000000000000000000000000000000000000000000000000000000000000000000000000000000000000000000000000000000000000000000000000000000000000000000000000000000000000000000000000000000000000000000000000000000000000000000000000000000000000000000000000000000000000000000000000000000000000000000000000000000000000000000000000000000000000000000000000000000000000000000000000000000000000000000000000000000000000000000000000000000000000000000000000000000000000000000000000000000000000000000000000000000000000000000000000000000000000000000000000000000000000000000000000000000000000000000000000000000000000000000000000000000000000000000000000000000000000000000000000000000000000000000000000000000000000000000000000000000000000000000000000000000000000000000000000000000000000000000000000000000000000000000000000000000000000000000000000000000000000000000000000000000000000000000000000000000000000000000000000000000000000000000000000000000000000000000000000000000000000000000000000000000000000000000000000000000000000000000000000000000000000000000000000000000000000000000000000000000000000000000000000000000000000000000000000000000000000000000000000000000000000000000000000000000000000000000000000000000000000000000000000000000000000000000000000000000000000000000000000000000000000000000000000000000000000000000000000000000000000000000000000000000000000000000000000000000000000000000000000000000000000000000000000000000000000000000000000000000000000000000000000000000000000000000000000000000000000000000000000000000000000000000000000000000000000000000000000000000000000000000000000000000000000000000000000000000000000000000000000000000000000000000000000000000000000000000000000000000000000000000000000000000000000000000000000000000000000000000000000000000000000000000000000000000000000000000000000000000000000000000000000000000000000000000000000000000000000000000000000000000000000000000000000000000000000000000000000000000000000000000000000000000000000000000000000000000000000000000000000000000000000000000000000000000000000000000000000000000000000000000000000000000000000000000000000000000000000000000000000000000000000000000000000000000000000000000000000000000000000000000000000000000000000000000000000000000000000000000000000000000000000000000000000000000000000000000000000000000000000000000000000000000000000000000000000000000000000000000000000000000000000000000000000000000000000000000000000000000000000000000000000000000000000000000000000000000000000000000000000000000000000000000000000000000000000000000000000);
INSERT INTO social_network.profile_picture (id, privacy, picture_value) VALUES (9, 'PUBLIC', 0x0000000000000000000000000000000000000000000000000000000000000000000000000000000000000000000000000000000000000000000000000000000000000000000000000000000000000000000000000000000000000000000000000000000000000000000000000000000000000000000000000000000000000000000000000000000000000000000000000000000000000000000000000000000000000000000000000000000000000000000000000000000000000000000000000000000000000000000000000000000000000000000000000000000000000000000000000000000000000000000000000000000000000000000000000000000000000000000000000000000000000000000000000000000000000000000000000000000000000000000000000000000000000000000000000000000000000000000000000000000000000000000000000000000000000000000000000000000000000000000000000000000000000000000000000000000000000000000000000000000000000000000000000000000000000000000000000000000000000000000000000000000000000000000000000000000000000000000000000000000000000000000000000000000000000000000000000000000000000000000000000000000000000000000000000000000000000000000000000000000000000000000000000000000000000000000000000000000000000000000000000000000000000000000000000000000000000000000000000000000000000000000000000000000000000000000000000000000000000000000000000000000000000000000000000000000000000000000000000000000000000000000000000000000000000000000000000000000000000000000000000000000000000000000000000000000000000000000000000000000000000000000000000000000000000000000000000000000000000000000000000000000000000000000000000000000000000000000000000000000000000000000000000000000000000000000000000000000000000000000000000000000000000000000000000000000000000000000000000000000000000000000000000000000000000000000000000000000000000000000000000000000000000000000000000000000000000000000000000000000000000000000000000000000000000000000000000000000000000000000000000000000000000000000000000000000000000000000000000000000000000000000000000000000000000000000000000000000000000000000000000000000000000000000000000000000000000000000000000000000000000000000000000000000000000000000000000000000000000000000000000000000000000000000000000000000000000000000000000000000000000000000000000000000000000000000000000000000000000000000000000000000000000000000000000000000000000000000000000000000000000000000000000000000000000000000000000000000000000000000000000000000000000000000000000000000000000000000000000000000000000000000000000000000000000000000000000000000000000000000000000000000000000000000000000000000000000000000000000000000000000000000000000000000000000000000000000000000000000000000000000000000000000000000000000000000000000000000000000000000000000000000000000000000000000000000000000000000000000000000000000000000000000000000000000000000000000000000000000000000000000000000000000000000000000000000000000000000000000000000000000000000000000000000000000000000000000000000000000000000000000000000000000000000000000000000000000000000000000000000000000000000000000000000000000000000000000000000000000000000000000000000000000000000000000000000000000000000000000000000000000000000000000000000000000000000000000000000000000000000000000000000000000000000000000000000000000000000000000000000000000000000000000000000000000000000000000000000000000000000000000000000000000000000000000000000000000000000000000000000000000000000000000000000000000000000000000000000000000000000000000000000000000000000000000000000000000000000000000000000000000000000000000000000000000000000000000000000000000000000000000000000000000000000000000000000000000000000000000000000000000000000000000000000000000000000000000000000000000000000000000000000000000000000000000000000000000000000000000000000000000000000000000000000000000000000000000000000000000000000000000000000000000000000000000000000000000000000000000000000000000000000000000000000000000000000000000000000000000000000000000000000000000000000000000000000000000000000000000000000000000000000000000000000000000000000000000000000000000000000000000000000000000000000000000000000000000000000000000000000000000000000000000000000000000000000000000000000000000000000000000000000000000000000000000000000000000000000000000000000000000000000000000000);
INSERT INTO social_network.profile_picture (id, privacy, picture_value) VALUES (10, 'PUBLIC', 0x0000000000000000000000000000000000000000000000000000000000000000000000000000000000000000000000000000000000000000000000000000000000000000000000000000000000000000000000000000000000000000000000000000000000000000000000000000000000000000000000000000000000000000000000000000000000000000000000000000000000000000000000000000000000000000000000000000000000000000000000000000000000000000000000000000000000000000000000000000000000000000000000000000000000000000000000000000000000000000000000000000000000000000000000000000000000000000000000000000000000000000000000000000000000000000000000000000000000000000000000000000000000000000000000000000000000000000000000000000000000000000000000000000000000000000000000000000000000000000000000000000000000000000000000000000000000000000000000000000000000000000000000000000000000000000000000000000000000000000000000000000000000000000000000000000000000000000000000000000000000000000000000000000000000000000000000000000000000000000000000000000000000000000000000000000000000000000000000000000000000000000000000000000000000000000000000000000000000000000000000000000000000000000000000000000000000000000000000000000000000000000000000000000000000000000000000000000000000000000000000000000000000000000000000000000000000000000000000000000000000000000000000000000000000000000000000000000000000000000000000000000000000000000000000000000000000000000000000000000000000000000000000000000000000000000000000000000000000000000000000000000000000000000000000000000000000000000000000000000000000000000000000000000000000000000000000000000000000000000000000000000000000000000000000000000000000000000000000000000000000000000000000000000000000000000000000000000000000000000000000000000000000000000000000000000000000000000000000000000000000000000000000000000000000000000000000000000000000000000000000000000000000000000000000000000000000000000000000000000000000000000000000000000000000000000000000000000000000000000000000000000000000000000000000000000000000000000000000000000000000000000000000000000000000000000000000000000000000000000000000000000000000000000000000000000000000000000000000000000000000000000000000000000000000000000000000000000000000000000000000000000000000000000000000000000000000000000000000000000000000000000000000000000000000000000000000000000000000000000000000000000000000000000000000000000000000000000000000000000000000000000000000000000000000000000000000000000000000000000000000000000000000000000000000000000000000000000000000000000000000000000000000000000000000000000000000000000000000000000000000000000000000000000000000000000000000000000000000000000000000000000000000000000000000000000000000000000000000000000000000000000000000000000000000000000000000000000000000000000000000000000000000000000000000000000000000000000000000000000000000000000000000000000000000000000000000000000000000000000000000000000000000000000000000000000000000000000000000000000000000000000000000000000000000000000000000000000000000000000000000000000000000000000000000000000000000000000000000000000000000000000000000000000000000000000000000000000000000000000000000000000000000000000000000000000000000000000000000000000000000000000000000000000000000000000000000000000000000000000000000000000000000000000000000000000000000000000000000000000000000000000000000000000000000000000000000000000000000000000000000000000000000000000000000000000000000000000000000000000000000000000000000000000000000000000000000000000000000000000000000000000000000000000000000000000000000000000000000000000000000000000000000000000000000000000000000000000000000000000000000000000000000000000000000000000000000000000000000000000000000000000000000000000000000000000000000000000000000000000000000000000000000000000000000000000000000000000000000000000000000000000000000000000000000000000000000000000000000000000000000000000000000000000000000000000000000000000000000000000000000000000000000000000000000000000000000000000000000000000000000000000000000000000000000000000000000000000000000000000000000000000000000000000000000000000000000000000000000000000000000000000000000000000000000000000000000000000000000000000000000000000000000000000);
create table relationships
(
    relationship_id int auto_increment
        primary key,
    sender_id       int null,
    receiver_id     int null,
    status_id       int null,
    constraint relationships_status_codes_status_id_fk
        foreign key (status_id) references status_codes (status_id)
            on update cascade on delete cascade,
    constraint relationships_users_info_user_id_fk
        foreign key (sender_id) references users_info (id)
            on update cascade on delete cascade,
    constraint relationships_users_info_user_id_fk_2
        foreign key (receiver_id) references users_info (id)
            on update cascade on delete cascade
);


create table requests
(
    id          int auto_increment
        primary key,
    sender_id   int null,
    receiver_id int null,
    constraint requests_users_info_user_id_fk
        foreign key (sender_id) references users_info (id)
            on update cascade on delete cascade,
    constraint requests_users_info_user_id_fk_2
        foreign key (receiver_id) references users_info (id)
            on update cascade on delete cascade
);


create table status_codes
(
    status_id      int         not null
        primary key,
    status_meaning varchar(30) not null
);


create table users
(
    username varchar(50) not null
        primary key,
    password varchar(68) not null,
    enabled  tinyint     not null
);

INSERT INTO social_network.users (username, password, enabled) VALUES ('itenley2@mail.com', '$2a$10$PJqdjrTh5VOly/NIkTWgl.vNrtSSIcsqiZnEwl1crXAmY1rm72mi.', 1);
INSERT INTO social_network.users (username, password, enabled) VALUES ('jannetbufo2@mail.com', '$2a$10$dooMoXVcW23TkzNr9W1b3e0/v0ocwF2WYFfE254gjh8uOfCVfttwm', 1);
INSERT INTO social_network.users (username, password, enabled) VALUES ('jimk2@mail.com', '$2a$10$4T5syHhCQHpKsm0nJhoPT.nqPOGcXmLD4GXdRHUrHdC6BCWSmWAL.', 1);
INSERT INTO social_network.users (username, password, enabled) VALUES ('johngalt@mail.com', '$2a$10$zM20BNrQWXRAtqdeZ/3WO.EeT6BiZdea37G7WmTxvWuejZW2RU/zW', 1);
INSERT INTO social_network.users (username, password, enabled) VALUES ('mcflower2@mail.com', '$2a$10$cm9pRDLKK/5kneOdtmAybuYaJNVPbuleq0MgK86VQjP5HlpGCegE2', 1);
INSERT INTO social_network.users (username, password, enabled) VALUES ('nperos@mail.com', '$2a$10$ddBlChvj4Wq2XEkxx9XtkekiBGYZdpELlRIpP45vD/cGdzQH63dTa', 1);
INSERT INTO social_network.users (username, password, enabled) VALUES ('panteras@mail.com', '$2a$10$Lgbqz8bHjQ9LoIFg7O5Ti.6RnIIEf/Aqkyyrznp3pTfi8dxHqluWG', 1);
INSERT INTO social_network.users (username, password, enabled) VALUES ('santana2@mail.com', '$2a$10$l0tPFXy1JD3Nv2rc/2Z1TuDzr3iWlIwjUVD8f1mZsG8zmxmPiM2o.', 1);
INSERT INTO social_network.users (username, password, enabled) VALUES ('stacy@mail.com', '$2a$10$QDFUwl.xW26EAHZKHSMuXurzgnWz8qFoXOq7lMFtd5rC4dxCJsv2y', 1);
INSERT INTO social_network.users (username, password, enabled) VALUES ('stevie@mail.com', '$2a$10$ylQNtaLy6Fu8oxEtM.HUoO9IofmavkczxRtGJOoFb2tPLAwShTBd6', 1);
create table users_info
(
    id         int auto_increment
        primary key,
    first_name varchar(50)                null,
    last_name  varchar(50)                null,
    email      varchar(50)                null,
    age        int                        null,
    address    varchar(100)               null,
    education  varchar(100)               null,
    privacy    enum ('PUBLIC', 'PRIVATE') null,
    picture_id int                        null,
    constraint users_info_profile_picture_id_fk
        foreign key (picture_id) references profile_picture (id)
            on update cascade on delete cascade,
    constraint users_info_users_username_fk
        foreign key (email) references users (username)
            on update cascade on delete cascade
);

create index users_info_privacy_id_fk
    on users_info (privacy);

INSERT INTO social_network.users_info (id, first_name, last_name, email, age, address, education, privacy) VALUES (1, 'John', 'Galt', 'johngalt@mail.com', 33, 'Liverpool, 2nd Street,ap.2', 'Second High School', 'PUBLIC');
INSERT INTO social_network.users_info (id, first_name, last_name, email, age, address, education, privacy) VALUES (2, 'Steven', 'Bale', 'stevie@mail.com', 22, 'Amazon Street,CA', 'St.John School', 'PUBLIC');
INSERT INTO social_network.users_info (id, first_name, last_name, email, age, address, education, privacy) VALUES (3, 'Jannet', 'Bufo', 'jannetbufo2@mail.com', 31, 'Palm Street,2nd ap.', 'MIT', 'PUBLIC');
INSERT INTO social_network.users_info (id, first_name, last_name, email, age, address, education, privacy) VALUES (4, 'Michael', 'Santana', 'santana2@mail.com', 44, 'Province Street 2', 'Paul Elementary', 'PUBLIC');
INSERT INTO social_network.users_info (id, first_name, last_name, email, age, address, education, privacy) VALUES (5, 'Ivan', 'Tenley', 'itenley2@mail.com', 34, 'Upper Hills 233', 'King Henry School', 'PUBLIC');
INSERT INTO social_network.users_info (id, first_name, last_name, email, age, address, education, privacy) VALUES (6, 'Jim', 'Kenedy', 'jimk2@mail.com', 34, 'Saint Luis 32', 'Elementary School London', 'PUBLIC');
INSERT INTO social_network.users_info (id, first_name, last_name, email, age, address, education, privacy) VALUES (7, 'Kim', 'McFlower', 'mcflower2@mail.com', 54, '2nd Street,NY', 'Upper Hills School', 'PUBLIC');
INSERT INTO social_network.users_info (id, first_name, last_name, email, age, address, education, privacy) VALUES (8, 'Andreas', 'Panteras', 'panteras@mail.com', 24, 'Shopping Street,Berlin', 'Lazio School', 'PUBLIC');
INSERT INTO social_network.users_info (id, first_name, last_name, email, age, address, education, privacy) VALUES (9, 'Nina', 'Peros', 'nperos@mail.com', 19, 'Ocean Street,VA', 'Virginia School', 'PUBLIC');
INSERT INTO social_network.users_info (id, first_name, last_name, email, age, address, education, privacy) VALUES (10, 'Stacy', 'Peros', 'stacy@mail.com', 29, 'Middle Street,MA', 'Kings School', 'PUBLIC');